frame,time_seconds,detections,track_ids,mean_confidence
0,0.0,1,1,0.82025
1,0.033,1,1,0.84393
2,0.067,1,1,0.82643
3,0.1,1,1,0.81347
4,0.133,1,1,0.81313
5,0.167,1,1,0.81489
6,0.2,1,1,0.82737
7,0.233,1,1,0.84375
8,0.267,1,1,0.8243
9,0.3,1,1,0.82755
10,0.333,1,1,0.76877
11,0.367,1,1,0.774
12,0.4,2,1;4,0.63852
13,0.433,2,1;4,0.46663
14,0.467,2,1;4,0.60486
15,0.5,1,1,0.52074
16,0.533,2,1;4,0.58701
17,0.567,1,1,0.62933
18,0.6,2,1;4,0.60816
19,0.633,2,1;4,0.6469
20,0.667,1,1,0.59984
21,0.7,3,1;11;4,0.57771
22,0.733,3,1;11;4,0.59292
23,0.767,3,1;11;4,0.5236
24,0.8,2,1;4,0.71532
25,0.833,2,1;4,0.72227
26,0.867,3,1;4;20,0.6349
27,0.9,3,1;4;20,0.60185
28,0.933,3,1;4;20,0.52314
29,0.967,3,1;4;20,0.54007
30,1.0,3,1;4;24,0.57706
31,1.033,4,1;4;24;20,0.4717
32,1.067,5,1;4;24;26;20,0.4526
33,1.1,3,1;24;26,0.421
34,1.133,3,24;26;4,0.53744
35,1.167,3,24;26;4,0.48569
36,1.2,3,24;26;4,0.59586
37,1.233,3,24;26;4,0.58704
38,1.267,3,24;26;4,0.57196
39,1.3,3,24;4;1,0.60153
40,1.333,3,24;4;1,0.41524
41,1.367,3,24;4;1,0.46056
42,1.4,4,24;4;1;26,0.40238
43,1.433,3,24;4;1,0.44443
44,1.467,3,24;1;26,0.52512
45,1.5,2,24;4,0.64042
46,1.533,2,4;1,0.44517
47,1.567,2,4;24,0.49971
48,1.6,2,4;24,0.52401
49,1.633,2,4;24,0.75442
50,1.667,2,4;24,0.64665
51,1.7,2,4;24,0.60566
52,1.733,3,4;24;26,0.50712
53,1.767,2,4;24,0.71049
54,1.8,2,4;24,0.72306
55,1.833,2,4;24,0.74551
56,1.867,3,4;24;26,0.58809
57,1.9,2,24;26,0.68443
58,1.933,3,24;26;4,0.56609
59,1.967,2,24;26,0.69763
60,2.0,2,24;26,0.64255
61,2.033,2,24;4,0.67177
62,2.067,2,24;4,0.79427
63,2.1,2,24;4,0.79522
64,2.133,2,24;4,0.74868
65,2.167,2,24;4,0.76679
66,2.2,3,24;4;26,0.58471
67,2.233,3,24;4;26,0.54683
68,2.267,2,24;26,0.64566
69,2.3,2,24;26,0.64465
70,2.333,2,24;4,0.72131
71,2.367,3,24;4;26,0.51341
72,2.4,2,24;26,0.55477
73,2.433,1,24,0.74785
74,2.467,1,24,0.6925
75,2.5,1,24,0.72763
76,2.533,2,24;42,0.52391
77,2.567,2,24;42,0.58203
78,2.6,1,24,0.7034
79,2.633,1,24,0.663
80,2.667,2,24;42,0.48979
81,2.7,2,24;42,0.52334
82,2.733,2,24;42,0.5075
83,2.767,2,24;42,0.49045
84,2.8,2,24;42,0.50546
85,2.833,1,24,0.72507
86,2.867,1,24,0.76508
87,2.9,1,24,0.74816
88,2.933,1,24,0.73477
89,2.967,1,24,0.68425
90,3.0,2,24;42,0.53647
91,3.033,2,24;42,0.61133
92,3.067,2,24;42,0.63172
93,3.1,3,24;42;4,0.49496
94,3.133,2,24;42,0.52811
95,3.167,3,24;44;4,0.60021
96,3.2,2,24;42,0.52154
97,3.233,2,24;42,0.60298
98,3.267,2,24;42,0.66814
99,3.3,2,24;42,0.65919
100,3.333,2,24;42,0.59476
101,3.367,2,24;42,0.50108
102,3.4,2,24;42,0.58932
103,3.433,2,24;42,0.66737
104,3.467,2,24;42,0.61986
105,3.5,2,24;42,0.59106
106,3.533,2,24;42,0.55139
107,3.567,2,24;42,0.58929
108,3.6,2,24;42,0.5805
109,3.633,1,24,0.79446
110,3.667,2,24;42,0.68269
111,3.7,2,24;42,0.54741
112,3.733,2,24;4,0.60734
113,3.767,2,24;4,0.69172
114,3.8,1,24,0.73394
115,3.833,2,24;4,0.64935
116,3.867,2,24;4,0.70279
117,3.9,2,24;4,0.65058
118,3.933,3,24;4;48,0.64124
119,3.967,2,24;4,0.59394
120,4.0,2,24;4,0.74809
121,4.033,2,24;4,0.73784
122,4.067,2,24;4,0.68148
123,4.1,2,24;4,0.77019
124,4.133,2,24;4,0.79386
125,4.167,2,24;4,0.79345
126,4.2,2,24;4,0.78087
127,4.233,2,24;4,0.79367
128,4.267,2,24;4,0.64477
129,4.3,2,24;4,0.66635
130,4.333,2,24;4,0.8017
131,4.367,2,24;4,0.78457
132,4.4,2,24;4,0.78473
133,4.433,2,24;4,0.71362
134,4.467,2,24;4,0.75763
135,4.5,2,24;4,0.7744
136,4.533,2,24;4,0.70813
137,4.567,2,24;4,0.60325
138,4.6,2,24;4,0.59292
139,4.633,2,24;4,0.52279
140,4.667,2,24;4,0.59024
141,4.7,2,24;4,0.55696
142,4.733,2,24;4,0.71095
143,4.767,2,24;4,0.64218
144,4.8,2,24;4,0.70593
145,4.833,2,24;4,0.68395
146,4.867,2,24;4,0.71766
147,4.9,2,24;4,0.76153
148,4.933,2,24;4,0.80564
149,4.967,2,24;4,0.81139
150,5.0,2,24;4,0.79612
151,5.033,2,24;4,0.57534
152,5.067,2,24;4,0.62567
153,5.1,2,24;4,0.66445
154,5.133,2,24;4,0.49937
155,5.167,2,24;4,0.77373
156,5.2,2,24;4,0.67277
157,5.233,1,4,0.70249
158,5.267,2,4;24,0.75609
159,5.3,1,4,0.76298
160,5.333,2,4;24,0.80093
161,5.367,1,4,0.7765
162,5.4,2,4;58,0.70553
163,5.433,2,4;24,0.76281
164,5.467,3,4;24;58,0.61179
165,5.5,3,4;61;58,0.58164
166,5.533,3,4;61;58,0.65419
167,5.567,3,4;61;58,0.68404
168,5.6,3,4;61;58,0.67731
169,5.633,3,4;61;58,0.72505
170,5.667,3,4;61;58,0.66597
171,5.7,3,4;61;58,0.7102
172,5.733,3,4;61;58,0.53078
173,5.767,3,4;58;24,0.58087
174,5.8,2,4;24,0.78022
175,5.833,2,4;24,0.80785
176,5.867,2,4;24,0.8122
177,5.9,2,4;24,0.76931
178,5.933,2,4;24,0.72681
179,5.967,2,4;24,0.8232
180,6.0,2,4;24,0.82258
181,6.033,2,4;24,0.81592
182,6.067,2,4;24,0.74027
183,6.1,2,4;24,0.64134
184,6.133,2,4;24,0.79185
185,6.167,2,4;24,0.81136
186,6.2,2,4;24,0.71438
187,6.233,2,4;24,0.67848
188,6.267,3,4;24;63,0.58241
189,6.3,3,4;24;63,0.62071
190,6.333,3,4;24;63,0.56367
191,6.367,3,4;24;63,0.63637
192,6.4,3,4;24;63,0.58823
193,6.433,2,4;63,0.73674
194,6.467,2,4;63,0.76069
195,6.5,2,4;63,0.79926
196,6.533,2,4;63,0.78691
197,6.567,2,4;63,0.759
198,6.6,2,4;63,0.76197
199,6.633,2,4;63,0.7754
200,6.667,2,4;63,0.73457
201,6.7,2,4;63,0.7212
202,6.733,2,4;63,0.77292
203,6.767,2,4;63,0.74912
204,6.8,2,4;63,0.76224
205,6.833,2,4;24,0.79715
206,6.867,2,4;24,0.80577
207,6.9,2,4;24,0.82795
208,6.933,2,4;24,0.81459
209,6.967,2,4;24,0.79213
210,7.0,2,4;24,0.84435
211,7.033,2,4;24,0.77823
212,7.067,2,4;24,0.79571
213,7.1,2,4;63,0.68251
214,7.133,2,4;63,0.75387
215,7.167,2,4;63,0.76563
216,7.2,2,4;63,0.68664
217,7.233,2,4;63,0.72409
218,7.267,2,4;63,0.72391
219,7.3,2,4;63,0.74222
220,7.333,2,4;63,0.74776
221,7.367,2,4;63,0.79883
222,7.4,2,4;63,0.8103
223,7.433,2,4;63,0.79727
224,7.467,2,4;63,0.78588
225,7.5,2,4;63,0.79538
226,7.533,2,4;63,0.8001
227,7.567,2,4;63,0.78958
228,7.6,2,4;63,0.80709
229,7.633,2,4;63,0.84055
230,7.667,2,4;63,0.80914
231,7.7,2,4;63,0.81335
232,7.733,1,4,0.77477
233,7.767,1,4,0.82087
234,7.8,2,4;70,0.61318
235,7.833,2,4;70,0.71013
236,7.867,3,4;70;71,0.71696
237,7.9,2,4;70,0.80455
238,7.933,2,4;70,0.68778
239,7.967,2,4;70,0.79417
240,8.0,3,4;70;75,0.69865
241,8.033,3,4;70;75,0.68655
242,8.067,2,4;70,0.80246
243,8.1,3,4;70;75,0.68387
244,8.133,2,4;70,0.81368
245,8.167,2,4;70,0.82239
246,8.2,2,4;70,0.77088
247,8.233,2,4;70,0.82577
248,8.267,3,4;70;82,0.67918
249,8.3,3,4;70;82,0.71386
250,8.333,3,4;70;82,0.69579
251,8.367,3,4;70;82,0.74196
252,8.4,3,4;70;82,0.73308
253,8.433,3,4;70;82,0.62227
254,8.467,2,4;70,0.71351
255,8.5,2,4;82,0.75677
256,8.533,2,4;82,0.77303
257,8.567,3,4;82;86,0.72069
258,8.6,3,4;82;86,0.68271
259,8.633,3,4;82;86,0.60977
260,8.667,2,4;86,0.60196
261,8.7,2,4;86,0.76386
262,8.733,2,4;86,0.78689
263,8.767,2,4;86,0.76886
264,8.8,2,4;86,0.78212
265,8.833,2,4;86,0.61453
266,8.867,3,4;86;90,0.63688
267,8.9,3,4;86;90,0.65232
268,8.933,3,4;86;90,0.61852
269,8.967,3,4;86;90,0.67667
270,9.0,2,4;86,0.79674
271,9.033,2,4;86,0.8041
272,9.067,2,4;86,0.79819
273,9.1,2,4;86,0.80444
274,9.133,2,4;86,0.79401
275,9.167,2,4;86,0.78278
276,9.2,3,4;86;95,0.67186
277,9.233,2,4;86,0.79763
278,9.267,2,4;86,0.789
279,9.3,2,4;86,0.74493
280,9.333,2,86;99,0.7058
281,9.367,2,86;4,0.70648
282,9.4,2,86;4,0.56495
283,9.433,2,86;4,0.63388
284,9.467,3,86;4;70,0.75799
285,9.5,2,4;70,0.6604
286,9.533,2,4;70,0.73518
287,9.567,2,4;70,0.77848
288,9.6,2,4;70,0.72107
289,9.633,2,4;70,0.73288
290,9.667,2,4;70,0.77936
291,9.7,2,4;70,0.78265
292,9.733,2,4;70,0.76944
293,9.767,2,4;70,0.79252
294,9.8,2,4;70,0.77686
295,9.833,2,4;70,0.79385
296,9.867,2,4;70,0.79297
297,9.9,2,4;70,0.82199
298,9.933,2,4;70,0.81762
299,9.967,2,4;70,0.76997
300,10.0,2,4;70,0.80482
301,10.033,2,4;70,0.81158
302,10.067,2,4;70,0.81051
303,10.1,2,4;70,0.80907
304,10.133,2,4;70,0.80709
305,10.167,2,4;70,0.78675
306,10.2,2,4;70,0.79795
307,10.233,2,4;70,0.79518
308,10.267,2,4;70,0.7723
309,10.3,2,4;70,0.79417
310,10.333,2,4;70,0.80946
311,10.367,2,4;70,0.791
312,10.4,2,4;70,0.81746
313,10.433,2,4;70,0.80411
314,10.467,2,4;70,0.79406
315,10.5,2,4;70,0.78656
316,10.533,2,4;70,0.48777
317,10.567,3,4;70;110,0.64678
318,10.6,2,4;70,0.74167
319,10.633,2,4;70,0.75421
320,10.667,3,4;70;110,0.6377
321,10.7,2,4;70,0.78042
322,10.733,3,4;70;112,0.72521
323,10.767,2,4;70,0.82097
324,10.8,2,4;70,0.76017
325,10.833,2,4;70,0.68743
326,10.867,2,4;70,0.76415
327,10.9,2,4;70,0.81437
328,10.933,3,4;70;110,0.60153
329,10.967,2,4;70,0.79083
330,11.0,2,4;70,0.80341
331,11.033,2,4;70,0.76356
332,11.067,2,4;70,0.80339
333,11.1,2,4;70,0.80594
334,11.133,1,70,0.85289
335,11.167,2,70;4,0.80905
336,11.2,2,70;4,0.82207
337,11.233,2,70;4,0.82024
338,11.267,2,70;4,0.81613
339,11.3,2,70;4,0.8183
340,11.333,2,70;4,0.81667
341,11.367,2,70;4,0.81717
342,11.4,2,70;4,0.82701
343,11.433,2,70;4,0.81345
344,11.467,2,70;4,0.82193
345,11.5,2,70;4,0.81465
346,11.533,2,70;4,0.80259
347,11.567,2,70;4,0.78563
348,11.6,3,70;4;120,0.66471
349,11.633,3,70;4;120,0.6494
350,11.667,2,70;4,0.80675
351,11.7,2,70;4,0.80148
352,11.733,2,70;4,0.76354
353,11.767,1,70,0.83504
354,11.8,1,70,0.84717
355,11.833,1,70,0.7887
356,11.867,1,70,0.74996
357,11.9,1,70,0.78534
358,11.933,1,70,0.79686
359,11.967,1,70,0.79059
360,12.0,1,70,0.81296
361,12.033,1,70,0.80177
362,12.067,1,70,0.79328
363,12.1,1,70,0.55523
364,12.133,1,70,0.76049
365,12.167,1,70,0.76022
366,12.2,1,70,0.78015
367,12.233,2,70;123,0.62793
368,12.267,2,70;123,0.75861
369,12.3,2,70;123,0.72388
370,12.333,2,70;123,0.76647
371,12.367,2,70;123,0.76298
372,12.4,2,70;123,0.73147
373,12.433,2,70;123,0.76934
374,12.467,2,70;123,0.80442
375,12.5,2,70;123,0.764
376,12.533,2,70;123,0.68078
377,12.567,1,70,0.77037
378,12.6,2,70;123,0.73664
379,12.633,1,70,0.81617
380,12.667,2,70;123,0.66913
381,12.7,2,70;123,0.68064
382,12.733,2,70;123,0.54636
383,12.767,1,70,0.82428
384,12.8,2,70;123,0.62102
385,12.833,2,70;123,0.60054
386,12.867,1,70,0.82048
387,12.9,1,70,0.80039
388,12.933,1,70,0.79659
389,12.967,1,70,0.71963
390,13.0,1,70,0.69106
391,13.033,1,70,0.68712
392,13.067,1,70,0.76317
393,13.1,1,70,0.74269
394,13.133,2,70;123,0.63271
395,13.167,2,70;123,0.5785
396,13.2,2,70;123,0.62807
397,13.233,2,70;123,0.61952
398,13.267,1,70,0.82284
399,13.3,1,70,0.76904
400,13.333,1,70,0.77982
401,13.367,1,70,0.81111
402,13.4,1,70,0.7409
403,13.433,1,70,0.80994
404,13.467,1,70,0.77205
405,13.5,1,70,0.78954
406,13.533,1,70,0.78366
407,13.567,1,70,0.84233
408,13.6,1,70,0.8336
409,13.633,1,70,0.84577
410,13.667,1,70,0.78623
411,13.7,1,70,0.79044
412,13.733,1,70,0.74361
413,13.767,1,70,0.77601
414,13.8,1,70,0.77508
415,13.833,1,70,0.78479
416,13.867,2,70;123,0.69161
417,13.9,2,70;123,0.68833
418,13.933,2,70;123,0.66731
419,13.967,2,70;123,0.74525
420,14.0,2,70;123,0.72346
421,14.033,1,70,0.86893
422,14.067,1,70,0.86733
423,14.1,1,70,0.83326
424,14.133,2,70;123,0.58671
425,14.167,2,70;123,0.59579
426,14.2,1,70,0.7993
427,14.233,2,70;123,0.66427
428,14.267,2,70;123,0.61196
429,14.3,2,70;123,0.68151
430,14.333,2,70;123,0.66435
431,14.367,1,70,0.87005
432,14.4,1,70,0.77734
433,14.433,1,70,0.80149
434,14.467,1,70,0.84108
435,14.5,1,70,0.79214
436,14.533,1,70,0.82383
437,14.567,1,70,0.81298
438,14.6,1,70,0.81882
439,14.633,1,70,0.79208
440,14.667,1,70,0.75274
441,14.7,1,70,0.76809
442,14.733,1,70,0.75174
443,14.767,1,70,0.75281
444,14.8,1,70,0.71729
445,14.833,1,70,0.66439
446,14.867,2,70;129,0.59115
447,14.9,1,129,0.65032
448,14.933,1,129,0.50591
449,14.967,2,129;70,0.47319
450,15.0,2,129;70,0.62966
451,15.033,1,129,0.79602
452,15.067,1,129,0.77714
453,15.1,2,129;70,0.61
454,15.133,2,129;70,0.64466
455,15.167,2,129;70,0.63915
456,15.2,2,129;70,0.57169
457,15.233,1,70,0.64685
458,15.267,1,70,0.65972
459,15.3,3,70;130;129,0.58403
460,15.333,3,70;130;129,0.66205
461,15.367,2,130;129,0.59849
462,15.4,2,130;129,0.64047
463,15.433,2,130;129,0.65898
464,15.467,2,130;129,0.60715
465,15.5,2,130;129,0.66389
466,15.533,3,130;129;70,0.64366
467,15.567,3,130;129;70,0.56247
468,15.6,2,130;129,0.59212
469,15.633,2,130;129,0.60065
470,15.667,2,130;129,0.67704
471,15.7,2,130;70,0.5576
472,15.733,1,129,0.81964
473,15.767,1,129,0.86724
474,15.8,1,129,0.8639
475,15.833,1,129,0.84449
476,15.867,1,129,0.68687
477,15.9,1,129,0.75648
478,15.933,1,129,0.75709
479,15.967,1,129,0.73438
480,16.0,1,129,0.7042
481,16.033,1,129,0.80044
482,16.067,1,129,0.86125
483,16.1,1,129,0.83415
484,16.133,1,129,0.83155
485,16.167,1,-1,0.80791
486,16.2,1,70,0.72846
487,16.233,1,-1,0.86037
488,16.267,1,136,0.8441
489,16.3,1,136,0.83046
490,16.333,1,136,0.83371
491,16.367,2,136;138,0.64184
492,16.4,1,136,0.87808
493,16.433,2,136;139,0.78772
494,16.467,1,136,0.81279
495,16.5,2,136;142,0.76147
496,16.533,1,136,0.85208
497,16.567,1,136,0.87728
498,16.6,1,136,0.87256
499,16.633,1,136,0.90962
500,16.667,1,136,0.82995
501,16.7,1,136,0.8619
502,16.733,1,136,0.83962
503,16.767,1,136,0.83626
504,16.8,1,136,0.8422
505,16.833,1,136,0.84893
506,16.867,1,136,0.84198
507,16.9,1,136,0.83548
508,16.933,1,136,0.85131
509,16.967,1,136,0.863
510,17.0,1,136,0.832
511,17.033,1,136,0.7665
512,17.067,1,136,0.81572
513,17.1,1,136,0.78629
514,17.133,1,136,0.71891
515,17.167,1,136,0.61568
516,17.2,2,136;144,0.61708
517,17.233,1,136,0.76779
518,17.267,2,136;144,0.68285
519,17.3,2,136;144,0.63792
520,17.333,2,136;144,0.62399
521,17.367,1,136,0.83974
522,17.4,1,136,0.85063
523,17.433,1,136,0.83901
524,17.467,2,136;145,0.82383
525,17.5,2,136;145,0.81712
526,17.533,2,136;145,0.82696
527,17.567,2,136;145,0.63852
528,17.6,2,136;145,0.69805
529,17.633,2,136;145,0.71699
530,17.667,1,136,0.8685
531,17.7,1,136,0.87929
532,17.733,1,136,0.85038
533,17.767,2,136;145,0.65845
534,17.8,2,136;145,0.70161
535,17.833,1,145,0.73459
536,17.867,1,136,0.79055
537,17.9,1,136,0.7571
538,17.933,1,136,0.80796
539,17.967,1,136,0.78032
540,18.0,1,136,0.72009
541,18.033,3,136;150;145,0.63447
542,18.067,2,136;145,0.68682
543,18.1,1,136,0.82618
544,18.133,1,136,0.82401
545,18.167,1,136,0.87447
546,18.2,1,136,0.88793
547,18.233,1,136,0.83901
548,18.267,1,-1,0.27395
549,18.3,1,136,0.77253
550,18.333,1,145,0.8491
551,18.367,1,145,0.86192
552,18.4,1,145,0.72851
553,18.433,1,136,0.49937
554,18.467,1,-1,0.4844
555,18.5,1,155,0.53251
556,18.533,1,155,0.79956
557,18.567,1,155,0.8318
558,18.6,1,155,0.89754
559,18.633,1,155,0.86728
560,18.667,1,155,0.86392
561,18.7,1,155,0.90273
562,18.733,1,155,0.72707
563,18.767,1,155,0.85718
564,18.8,1,155,0.88729
565,18.833,1,155,0.87858
566,18.867,1,150,0.84674
567,18.9,1,150,0.83868
568,18.933,1,150,0.84058
569,18.967,1,150,0.72384
570,19.0,1,150,0.83503
571,19.033,1,150,0.8633
572,19.067,1,150,0.89417
573,19.1,1,150,0.88215
574,19.133,1,150,0.89427
575,19.167,1,150,0.90115
576,19.2,1,150,0.88633
577,19.233,1,150,0.83514
578,19.267,1,150,0.89461
579,19.3,1,150,0.84844
580,19.333,1,150,0.86872
581,19.367,1,150,0.86531
582,19.4,1,150,0.85251
583,19.433,1,150,0.84687
584,19.467,1,150,0.86281
585,19.5,1,150,0.86217
586,19.533,1,150,0.82814
587,19.567,1,150,0.8672
588,19.6,1,150,0.73812
589,19.633,1,150,0.77863
590,19.667,1,150,0.74671
591,19.7,1,150,0.79198
592,19.733,1,150,0.82425
593,19.767,1,150,0.75942
594,19.8,1,150,0.7579
595,19.833,1,150,0.79488
596,19.867,1,150,0.70661
597,19.9,1,150,0.76049
598,19.933,1,150,0.7984
599,19.967,1,150,0.705
600,20.0,1,150,0.64064
601,20.033,1,150,0.66599
602,20.067,1,150,0.70623
603,20.1,1,150,0.6971
604,20.133,1,150,0.74384
605,20.167,1,150,0.71513
606,20.2,1,150,0.78751
607,20.233,1,150,0.76681
608,20.267,1,150,0.7824
609,20.3,1,150,0.79697
610,20.333,1,150,0.76382
611,20.367,1,150,0.76927
612,20.4,1,150,0.80094
613,20.433,1,150,0.79554
614,20.467,1,150,0.79828
615,20.5,1,150,0.80731
616,20.533,1,150,0.81429
617,20.567,1,150,0.81507
618,20.6,1,150,0.80675
619,20.633,1,150,0.7867
620,20.667,1,150,0.84431
621,20.7,1,150,0.88138
622,20.733,1,150,0.87881
623,20.767,1,150,0.87713
624,20.8,1,150,0.86174
625,20.833,1,150,0.85117
626,20.867,1,150,0.80971
627,20.9,1,150,0.82789
628,20.933,1,150,0.73044
629,20.967,1,150,0.80978
630,21.0,1,150,0.79966
631,21.033,1,150,0.72749
632,21.067,1,150,0.80805
633,21.1,1,150,0.8149
634,21.133,1,150,0.78475
635,21.167,1,150,0.80932
636,21.2,1,150,0.77406
637,21.233,1,150,0.75623
638,21.267,1,150,0.68991
639,21.3,1,150,0.68334
640,21.333,1,150,0.76768
641,21.367,1,150,0.7999
642,21.4,1,150,0.76441
643,21.433,1,150,0.66979
644,21.467,1,150,0.75973
645,21.5,1,150,0.76607
646,21.533,1,150,0.75174
647,21.567,1,150,0.78533
648,21.6,1,150,0.76922
649,21.633,1,150,0.73295
650,21.667,1,150,0.7371
651,21.7,1,150,0.76942
652,21.733,1,150,0.72138
653,21.767,1,150,0.73535
654,21.8,1,150,0.75633
655,21.833,1,150,0.78083
656,21.867,1,150,0.77896
657,21.9,1,150,0.76912
658,21.933,1,150,0.73363
659,21.967,1,150,0.75156
660,22.0,1,150,0.76333
661,22.033,1,150,0.77294
662,22.067,1,150,0.763
663,22.1,1,150,0.79057
664,22.133,1,150,0.75595
665,22.167,1,150,0.7372
666,22.2,1,150,0.76226
667,22.233,1,150,0.76045
668,22.267,1,150,0.76234
669,22.3,1,150,0.8101
670,22.333,1,150,0.7307
671,22.367,1,150,0.76816
672,22.4,1,150,0.82635
673,22.433,1,150,0.7924
674,22.467,1,150,0.85192
675,22.5,1,150,0.78172
676,22.533,1,150,0.86485
677,22.567,1,150,0.87787
678,22.6,1,150,0.85842
679,22.633,1,150,0.83148
680,22.667,1,150,0.84666
681,22.7,1,150,0.85844
682,22.733,1,150,0.85636
683,22.767,1,150,0.84814
684,22.8,1,150,0.7429
685,22.833,1,150,0.64537
686,22.867,1,150,0.84976
687,22.9,1,150,0.85727
688,22.933,1,150,0.82845
689,22.967,1,150,0.75749
690,23.0,1,150,0.75077
691,23.033,1,150,0.70914
692,23.067,1,150,0.68624
693,23.1,1,150,0.79491
694,23.133,1,150,0.75035
695,23.167,1,150,0.77189
696,23.2,1,150,0.75609
697,23.233,1,150,0.82037
698,23.267,1,150,0.8159
699,23.3,1,150,0.8093
700,23.333,1,150,0.77389
701,23.367,1,150,0.78336
702,23.4,1,150,0.82289
703,23.433,1,150,0.8106
704,23.467,1,150,0.79906
705,23.5,1,150,0.81262
706,23.533,1,150,0.82298
707,23.567,1,150,0.83835
708,23.6,1,150,0.84323
709,23.633,1,150,0.84841
710,23.667,1,150,0.83419
711,23.7,1,150,0.81283
712,23.733,1,150,0.81497
713,23.767,1,150,0.8132
714,23.8,1,150,0.80222
715,23.833,1,150,0.79288
716,23.867,1,150,0.82178
717,23.9,1,150,0.81724
718,23.933,1,150,0.79724
719,23.967,1,150,0.79527
720,24.0,1,150,0.78218
721,24.033,1,150,0.78106
722,24.067,1,150,0.77447
723,24.1,1,150,0.73209
724,24.133,1,150,0.76981
725,24.167,1,150,0.72579
726,24.2,1,150,0.77554
727,24.233,1,150,0.74423
728,24.267,1,150,0.72484
729,24.3,1,150,0.63148
730,24.333,1,150,0.77622
731,24.367,1,150,0.76152
732,24.4,1,150,0.73636
733,24.433,1,150,0.74285
734,24.467,1,150,0.76819
735,24.5,1,150,0.77364
736,24.533,1,150,0.7478
737,24.567,1,150,0.7551
738,24.6,1,150,0.87142
739,24.633,1,150,0.83843
740,24.667,1,150,0.84041
741,24.7,1,150,0.8259
742,24.733,1,150,0.818
743,24.767,1,150,0.83351
744,24.8,1,150,0.85137
745,24.833,1,150,0.7904
746,24.867,1,150,0.81641
747,24.9,1,150,0.82804
748,24.933,1,150,0.73491
749,24.967,1,150,0.82436
